word,tld
sarcenet,net
genet,net
barrio,io
escambio,io
quannet,net
cordonnet,net
woolenet,net
muslinet,net
capuccio,io
garnet,net
manilio,io
gournet,net
donet,net
toucanet,net
castanet,net
dragnet,net
cushionet,net
cronet,net
rattinet,net
dragonet,net
patio,io
derbio,io
genio,io
burnet,net
benet,net
daimio,io
siphonet,net
net,net
lambskinnet,net
spinet,net
tuck-net,net
millinet,net
sennet,net
basinet,net
bayonet,net
cross-garnet,net
oratorio,io
dolphinet,net
spakenet,net
elanet,net
alkanet,net
abnet,net
sunbonnet,net
hornet,net
trio,io
folio,io
studio,io
vibrio,io
sonnet,net
pinnet,net
presidio,io
diamagnet,net
unbonnet,net
comboloio,io
martinet,net
burganet,net
gannet,net
bardiglio,io
baronet,net
tabinet,net
eurasiatio,io
orchanet,net
lionet,net
dennet,net
basenet,net
moonet,net
io,io
orphanet,net
bow net,net
anet,net
finochio,io
mollinet,net
unio,io
snet,net
vespertilio,io
jaconet,net
bobbinet,net
bennet,net
cornet,net
aspect ratio,io
signet,net
senecio,io
jacconet,net
durio,io
cabinet,net
planet,net
curculio,io
bag net,net
curio,io
mountainet,net
drawnet,net
remanet,net
agio,io
cygnet,net
tabbinet,net
intaglio,io
estaminet,net
trawlnet,net
lunet,net
capriccio,io
scenario,io
quellio,io
caponet,net
spignet,net
jennet,net
posnet,net
septentrio,io
linnet,net
pistachio,io
struthio,io
pasticcio,io
impresario,io
ratio,io
lothario,io
burgonet,net
canzonet,net
basnet,net
clarionet,net
carcanet,net
solfeggio,io
adagio,io
sarsenet,net
perjenet,net
sermonet,net
ex officio,io
clarinet,net
salmonet,net
rabinet,net
embroglio,io
magnet,net
runnet,net
knight baronet,net
bonnet,net
clio,io
punctilio,io
rennet,net
bascinet,net
punnet,net
proxenet,net
carkanet,net
tinet,net
turio,io
bramble net,net
olio,io
scorpio,io
arpeggio,io
oglio,io
abanet,net
day-net,net
tenet,net
stockinet,net
pernio,io
coronet,net
sinnet,net
ginnet,net
papilio,io
electro-magnet,net
